{
  "extEnable":false,
  "extAppid":"wx4f92c3cd7e49badf",
  "ext": {
    "suid": "f4h5dlyhie",
    "version":"1.3.3",
    "base":33
  },
  "window": {
    "navigationBarTextStyle": "black",
    "navigationBarBackgroundColor": "#f8f8f8",
    "backgroundColor": "#f8f8f8",
    "backgroundTextStyle":"light"
  },
  "tabBar": {
    "color": "#7A7E83",
    "selectedColor": "#FF8132",
    "borderStyle": "black",
    "backgroundColor": "#ffffff",
    "list": [
      {
        "pagePath": "pages/index/index",
        "iconPath": "images/icon/wsc/icon_sy.png",
        "selectedIconPath": "images/icon/wsc/icon_sy_d.png",
        "text": "主页"
      },
      {
        "pagePath": "pages/mycartTab/mycartTab",
        "iconPath": "images/icon/wsc/icon_cart.png",
        "selectedIconPath": "images/icon/wsc/icon_cart_d.png",
        "text": "购物车"
      },
      {
				"pagePath": "pages/distributionCenter/distributionCenter",
				"iconPath": "images/icon/wsc/icon_yuyue.png",
				"selectedIconPath": "images/icon/wsc/icon_yuyue_d.png",
				"text": "分销中心"
			},
      {
        "pagePath": "pages/myorderTab/myorderTab",
        "iconPath": "images/icon/wsc/icon_order.png",
        "selectedIconPath": "images/icon/wsc/icon_order_d.png",
        "text": "订单"
      },
      {
        "pagePath": "pages/wodeNew/wodeNew",
        "iconPath": "images/icon/wsc/icon_wode.png",
        "selectedIconPath": "images/icon/wsc/icon_wode_d.png",
        "text": "我"
      }
    ]
  }
}
